{
  "pairs": {
    "fg_on_bg": 17.73971700407407,
    "brand_on_bg": 5.698586217871195,
    "accent_on_bg": 1.8071773126360078
  },
  "notes": "4.5 이상이면 본문 텍스트 AA 통과"
}